Aaron,M
Abby,M
Abd al-Aziz,M
Abdias,M
Abdiel,M
Abdon,M
Abdullah,M
Abedon,M
Abelardo,M
Abelino,M
Abel,M
Abe,M
Abenicio,M
Abigail,F
Abilio,M
Able,M
Abraham,M
Abrahan,M
Abram,M
Abran,M
Abrian,M
Abril,F
Abryl,F
Absalon,M
Abthony,M
Abundio,M
Acacio,M
Acencion,?
Achiuta,M
Acisclo,M
Ada,F
Adalberon,M
Adalberta,F
Adalberto,M
Adamheram,M
Adam,M
Adan,M
Adela,F
Adelaida,F
Adelaido,M
Adelberta,F
Adelberto,M
Adelina,F
Adeline,F
Adelita,F
Adem,M
Adinath,M
Adi Shankara,M
Aditi,F
Adlielia,F
Adolfo,M
Adolphe,M
Adolph,M
Adoracion,F
Adri,?
Adriana,F
Adrian,M
Adrianna,F
Adrista,M
Adulfo,M
Aelias,M
Africa,F
Afrodisio,M
Afrodita,F
Agamenon,M
Agapita,F
Agapito,M
Agastia,M
Agatino,M
Agatoclio,M
Aghasura,M
Aglae,F
Agni,M
Agripina,F
Agustina,F
Agustine,M
Agustin,M
Aida,F
Aidee,F
Aide,F
Aileen,F
Ailen,F
Aimara,F
Ainhoa,F
Aitana,F
Aitor,M
Aksapada Gotama,M
Aladino,M
Alaine,F
Alajandra,F
Alajandro,M
Alaksmi,F
Alan,M
Alarico,M
Albaert,M
Alba,F
Albano,M
Alberta,F
Albert,M
Alberto,M
Albina,F
Albino,M
Alcario,M
Alcibiades,M
Alcides,M
Alda,F
Aldair,M
Aldana,F
Aldeman,M
Aldolfo,M
Aldo,M
Alec,M
Alegra,F
Aleja,F
Alejando,M
Alejandra,F
Alejandro,M
Alejo,M
Alejos,M
Alesia,F
Alethia,F
Alex,?
Alexander,M
Alexandra,F
Alexandro,M
Alexitho,M
Alexjandra,F
Alexsandro,M
Alfaro,M
Alfonsa,F
Alfonso,M
Alfonzo,M
Alfreda,F
Alfred,M
Alfredo,M
Alice,F
Alicia,F
Ali,M
Aline,F
Alisa,F
Aljejandro,M
Aljrio,M
Allan,M
Allen,M
Allyn,F
Alma,F
Almejandra,F
Almudena,F
Alondra,F
Alonsa,F
Alonso,M
Alonzo,M
Alphonso,M
Altagracia,F
Alton,M
Alva,F
Alvaro,M
Alvin,M
Alvino,M
Amada,F
Amadeo,M
Amado,M
Amadore,M
Amador,M
Amalia,F
Amalinali,F
Amalinalli,F
Amalio,M
Amancio,M
Amanda,F
Amando,M
Amara-kosha,M
Amaranta,F
Amara Simja,M
Amares,M
Amatallah,F
Amaya,F
Amba,F
Ambarisha,M
Amber,F
Ambrose,M
Ambrosio,M
Amelia,F
Amenhotep,M
America,F
Americo,M
Amilcar,M
Amit,M
Amos,M
Amparo,F
Amsha,M
Amy,F
Anabel,F
Anabella,F
Anabell,F
Anaclaudia,F
Anacleta,F
Anacleto,M
Ana,F
Anahi,F
Anaid,F
AnaLeticia,F
Analisa,F
Ana Maria,F
Ananias,M
Anarbol,M
Anastacia,F
Anastacio,M
Anastasia,F
Anastasio,M
Anatole,M
Anatolio,M
Ancelma,F
Ancelmo,M
Ander,M
Andhaka,M
Andrea,F
Andreas,M
Andrei,M
Andre,M
Andres,M
Andrew,M
Andrian,M
Andrias,M
Andrie,M
Andronico,M
Andy,?
Anestacio,M
Angela,F
Angeles,F
Angelica,F
Angelina,F
Angelita,F
Angelito,M
Angel,M
Angelo,M
Angie,F
Anibal,M
Aniceto,M
Anileto,M
Anita,F
Anival,M
Anna,F
Annalicia,F
Annamaria,F
Annamarie,F
Anneliese,F
Annetta,F
Annette,F
Ann,F
Annie,F
Annmarie,F
Anselmo,M
Anslemo,M
Anson,M
Anstucio,M
Antanosio,M
Antelmo,M
Antenor,M
Anthony,M
Antigona,F
Antoinette,F
Antolino,M
Antolio,M
Antonella,F
Antone,M
Antonette,F
Antonia,F
Antonieta,F
Antoni,M
Antonino,M
Antonio,M
Antonios,M
Antontio,M
Anunciacion,F
Any,F
#Aparcio,M
#Aparicia,F
#Aparicio,M
Apifano,M
Apolicarpio,M
Apolinar,M
Apolo,M
Apolonia,F
Apolonio,M
Apriano,M
April,F
Apsara,F
Aqueo,M
Aquiles,M
Aquilino,M
Araceli,F
Aracely,F
Araldo,M
Aramis,M
Arantxa,F
Arantza,F
Aranzazu,F
Arcadio,M
Arcelia,F
Arcemio,M
Arcenio,M
Archie,M
Argimiro,M
Arginaldo,M
Ariadna,F
Ariana,F
Aric,M
Ariel,M
Ari,M
Aris,F
Aristarco,M
Aristedes,M
Aristell,M
Aristeo,M
Aristides,M
Aristotelas,M
Aristoteles,M
Arjuna,M
Arleen,F
Arlene,F
Arlequin,M
Armanda,F
Armand,M
Armando,M
Armano,M
Armente,M
Armida,F
Armondo,M
Arnaldo,M
Arnie,M
Arnold,M
Arnoldo,M
Arnolfo,M
Arnulfo,M
Aron,M
Arquimedes,M
Arsenio,M
Artemia,F
Artemio,M
Artemisa,F
Arther,M
Arthura,F
Arthur,M
Arthuro,M
Artidoro,M
Artura,F
Arturo,M
Aruna,F
Arundhati,F
Aryaman,M
Asael,M
Ascanio,M
Ascension,?
Asdrubal,M
Asencio,M
Asencion,M
Ashuatama,M
Ashuin,M
Aśoka,M
Astika,M
Astolfo,M
Astrid,F
Astro,M
Asuncion,F
Asura,M
Asutreberto,M
Atanacio,M
Atanasio,M
Atena,F
Atilano,M
Atri,M
Atzin,F
Atziri,F
Audelio,M
Audencio,M
Audias,M
Audolpho,M
Audon,M
Audrey,F
Augurio,M
Augusta,F
Augustine,F
Augustin,M
August,M
Augusto,M
Aura,F
Aurelia,F
Aureliano,M
Aurelio,M
Aurora,F
Austreberto,M
Authur,M
Auturo,M
Avanel,M
Avelardo,M
Avelino,M
Avillio,M
Avtandil,M
Axel,M
Ayelen,F
Ayodhya,F
Azahara,F
Azucena,F
Azucuena,F
Bacilio,M
Bakasura,M
Bala Krisna,M
Balam,M
Balarama,M
Balbino,M
Baldemar,M
Baldo,M
Baldomero,M
Balduino,M
Balmore,M
Baltasar,M
Baltazar,M
Balty,M
Banasura,M
Baqui,M
Barbara,F
Barbie,F
Barney,M
Barry,M
Bart,M
Bartola,F
Bartolo,M
Bartolome,M
Basilio,M
Bastian,M
Baudelio,M
Baudhaiana,M
Baudilio,M
Bavanero,M
Baxter,M
Beato,M
Beatrice,F
Beatriz,F
Becks,F
Becky,F
Begoña,F
Belen,F
Belinda,F
Belisario,M
Benacio,M
Benancia,F
Benancio,M
Benedict,M
Benedicto,M
Benigno,M
Benino,M
Benito,M
Benja,M
Benjamin,M
Ben,M
Bennedicto,M
Bennie,M
Benny,M
Benson,M
Bento,M
Benustiano,M
Berchel,M
Berengario,M
Berenguela,F
Berenice,F
Bergoi,M
Bernabe,M
Bernadette,F
Bernadina,F
Bernadine,F
Bernadino,M
Bernanda,F
Bernando,M
Bernarda,F
Bernardina,F
Bernardino,M
Bernardio,M
Bernard,M
Bernardo,M
Bernhard,M
Bernice,F
Bernie,M
Berry,M
Berta,F
Bertha,F
Betho,M
Beto,M
Betsabe,F
Betsabel,F
Betty,F
Betuel,M
Bety,F
Beverly,F
Bhaga,M
Bhajan,M
Bharadvaya,M
Bharata,M
Bhavaviveka,M
Bhima,M
Bhishma,M
Bhrigu,M
Biagio,M
Bianca,F
Bibiana,F
Bibiano,M
Billie,M
Bill,M
Billy,M
Bky,F
Blademira,F
Blademire,M
Blademir,M
Blaine,M
Blanca,F
Blance,F
Blanche,F
Blas,M
Blaz,M
Bobbie,M
Bobbi,F
Bobby,M
Bob,M
Bogdan,M
Bogna,F
Bogumila,F
Bogumil,M
Bogusław,M
Boleslao,M
Bonaventure,M
Bonefacio,M
Bonifacio,M
Boni,M
Bonnie,F
Boris,M
Borja,M
Bosco,M
Boulus,M
Boutros,M
Boyan,M
Bożena,F
Brandon,M
Brandy,F
Braulio,M
Brenda,F
Brenson,M
Brent,M
Bret,M
Brett,M
Briana,F
Brian,M
Bridgette,F
Bridigo,M
Brigida,F
Brigido,M
Brihaspati,M
Brijadratha,M
Brijida,F
Brijido,M
Briseida,F
Brittany,F
Britt,F
Bronisław,M
Bruce,M
Bruno,M
Bryan,M
Buddhi,F
Buddy,M
Budolph,M
Bulmaro,M
Bunkey,M
Burgess,M
Burt,M
Cabanilla,M
Caesar,M
Calistro,M
Calixto,M
Calixtro,M
Calvin,M
Camila,F
Camille,F
Camilo,M
Cancio,M
Candalario,M
Candelaria,F
Candelario,M
Candida,F
Candido,M
Candingo,M
Candio,M
Candito,M
Canek,M
Canela,F
Cano,M
Canuto,M
Caperuza,F
Carantion,M
Caridad,F
Carina,F
Carisa,F
Carissa,F
Carla,F
Carl,M
Carlo,M
Carlos,M
Carmela,F
Carmelita,F
Carmello,M
Carmelo,M
Carmen,F
Carmilta,F
Caro,F
Carole,F
Carol,F
Carolina,F
Caroline,F
Carolos,M
Carolyn,F
Carrie,F
Casamira,F
Casandra,F
Casey,M
Casiano,M
Casimiro,M
Casimoro,M
Casiodoro,M
Casio,M
Casiopea,F
Cassandra,F
Cass,F
Casto,M
Castulo,M
Catalina,F
Catalino,M
Catarina,F
Catarino,M
Catereno,M
Caterino,M
Catherine,F
Cathy,F
Cayetano,M
Cayo,M
Caytano,M
Ceasar,M
Ceaser,M
Cecelia,F
Ceci,F
Cecilia,F
Cecilio,M
Cecil,M
Cedano,M
Ceferino,M
Celdonio,M
Celedonio,M
Celerina,F
Celerino,M
Celestina,F
Celestino,M
Celia,F
Celina,F
Celso,M
Cenovia,F
Cenovio,M
Cerferino,M
Cervando,M
Cesare,M
Cesareo,M
Cesario,M
Cesar,M
Chandra,F
Chano,M
Chantal,F
Chantel,F
Charaka,M
Charlene,F
Charles,M
Charley,M
Charlie,M
Charlotte,F
Charly,M
Chauncey,M
Checo,M
Cheko,M
Chela,F
Che,M
Chema,M
Cheno,M
Cheryl,F
Cheto,M
Cheyenne,M
Chiavana,M
Chinnie,M
Chio,F
Chris,?
Chrispin,M
Christiane,F
Christian,M
Christina,F
Christine,F
Christino,M
Christobal,M
Christoper,M
Christopher,M
Christpoher,M
Chruz,M
Chucho,M
Chuy,F
Chyvonne,F
Cierra,F
Cilia,F
Cindy,F
Cinesio,M
Cintli,F
Cipriano,M
Ciriaco,M
Cirilio,M
Cirilo,M
Ciro,M
Cisoforo,M
Citlali,F
Citlalli,F
Clara,F
Clarence,M
Clarissa,F
Clark,M
Claude,F
Claudia,F
Claudian,F
Claudine,F
Claudio,M
Clau,F
Clayton,M
Clemencia,F
Clemente,M
Clementina,F
Clement,M
Cleofas,M
Cleopatra,F
Cleto,M
Cletus,M
Clifford,M
Cliofas,M
Clobi,M
Clofus,M
Clotilde,F
Clyde,M
Cody,M
Columba,F
Columbano,M
Columbo,M
Coly,M
Concepcion,F
Concha,F
Concho,M
Connie,F
Conrad,M
Conrado,M
Constance,F
Constancio,M
Constantino,M
Constanza,F
Consuelo,F
Corescencio,M
Corey,?
Corina,F
Corinto,M
Cornecio,M
Cornelio,M
Corono,M
Corrina,F
Corrine,F
Cory,?
Cosme,M
Covadonga,F
Coy,M
Craig,M
Crecencio,M
Crecincio,M
Crescencio,M
Cresencio,M
Cresencion,M
Crespin,M
Crisanto,M
Crisoforo,M
Crisostomo,M
Crispin,M
Cristal,F
Cristian,M
Cristina,F
Cristino,M
Cristobal,M
Cristoval,M
Crotilda,F
Cruzita,F
Crystal,F
Cuahtemoc,M
Cuauhtemoc,M
Cuauthemoc,M
Cunegunda,F
Cylina,F
Cynthia,F
Cyntia,F
Cyrilo,M
Dadhichi,M
Dafne,F
Dagoberto,M
Dagobeto,M
Dago,M
Dagoverto,M
Daisy,F
Daksha,M
Dale,M
Dalia,F
Dalila,F
Dallas,M
Dalmacio,M
Damacio,M
Damaris,F
Damasio,M
Damaso,M
Damian,M
Damien,M
Damon,M
Danae,F
Dana,F
Danare,F
Danel,F
Dane,M
Dania,F
Daniela,F
Danielle,F
Daniel,M
Danilo,M
Dan,M
Dannia,F
Danny,?
Danny,M
Dante,M
Danuario,M
Danu,F
Dany,?
Daphne,F
Dario,M
Darlene,F
Darrell,M
Darren,M
Darrick,M
Darryl,M
Dasharatha,M
Dave,M
David,M
Daviid,M
Dawkins,M
Dawn,F
Dean,M
Deanna,F
Debbie,F
Debora,F
Deborah,F
Debra,F
Debroah,F
Declis,M
Deigo,M
Deisy,F
Delano,M
Delaura,F
Delbert,M
Delfina,F
Delfine,F
Delfino,M
Delia,F
Delilah,F
Delio,M
Della,F
Delmanic,M
Delmer,M
Delores,F
Delphine,F
Delvin,M
DeMario,M
Demensur,M
Demetria,F
Demetric,M
Demetrio,M
Demi,?
Demian,M
Denisa,F
Denise,F
Denis,M
Denisse,F
Dennie,M
Dennis,M
Denny,M
Deodato,M
Deogracias,M
Deon,M
Derek,M
Deric,M
Deriek,M
Derrick,M
Derrin,M
Desiderio,M
Desi,F
Desmond,M
Desree,F
Devabhuti,M
Devajuti,F
Devakī,F
Devala,M
Deven,M
Diana,F
Diane,F
Diego,M
Dimas,M
Dina,F
Dingo,M
Dinisio,M
Dino,M
Diodoro,M
Dionel,M
Dionicio,M
Dionico,M
Dionisio,M
Dion,M
Dionnisio,M
Diti,F
Divina,F
Dobromir,M
Dolly,F
Dolores,F
Domacio,M
Domi,M
Dominga,F
Domingo,M
Domitilo,M
Donaciano,M
Doña,F
Donald,M
Donaldo,M
Donato,M
Donavan,M
Don,M
Donna,F
Donnell,M
Donnie,M
Donny,M
Donovan,M
Dora,F
Dorcas,F
Doreen,F
Dori,F
Dorina,F
Dorine,F
Doris,F
Dorotea,F
Doroteo,M
Dorothy,F
Douglas,M
Draupadi,F
Dreddie,M
Dritarastra,M
Druela,F
Drupada,M
Drusila,F
Duane,M
Dugan,M
Duke,M
Durvasa,M
Duryodhana,M
Dustin,M
Duwayne,M
Dwain,M
Dwayne,M
Dyēus,M
Earlene,M
Earl,M
Eber,M
Eddie,M
Eddy,M
Edelfonso,M
Edelia,F
Edel,M
Edelmira,F
Edelmiro,M
Eder,M
Edgardo,M
Edgar,M
Edger,M
Edilberto,M
Edi,M
Edma,F
Edmond,M
Edmunda,F
Edmund,M
Edmundo,M
Edna,F
Edren,M
Eduardo,M
Eduarrdo,M
Edurne,F
Eduviges,M
Edward,M
Edwardo,M
Edwar,M
Edwina,F
Edwin,M
Eero,M
Effren,M
Efigenio,M
Efraim,M
Efrain,M
Efran,M
Efrem,M
Efren,M
Efrin,M
Efrn,M
Egidio,M
Eiko,F
Eladio,M
Elaine,F
Elaisa,F
Elane,F
Elanne,F
Elano,M
Elario,M
Elauterio,M
Elbanco,M
Elbert,M
Elda,F
Eldrid,M
Elea,M
Eleanor,F
Eleaser,M
Eleazar,M
Elena,F
Eleno,M
Eleodoro,M
Eleucadio,M
Eleuteria,F
Eleuterio,M
Elfego,M
Elfido,M
Elfigo,M
Elfreda,F
Elia,F
Elias,M
Eliazar,M
Eliberto,M
Elieis,M
Eliel,M
Elier,M
Elieser,M
Eliezar,M
Eliezer,M
Eli,F
Eligio,M
Eligo,M
Elihu,M
Elijah,M
Eliodoro,M
Elio,M
Eliozar,M
Elipidio,M
Elisa,F
Elisandro,M
Eliseo,M
Elisio,M
Elizabeth,F
Eliza,F
Elizardo,M
Ellias,M
Ellinor,F
Elliott,M
Elmer,M
Elodia,F
Eloina,F
Eloisa,F
Eloise,F
Eloy,M
Elpedio,M
Elpidio,M
Elsa,F
Elsita,F
Eluteria,F
Eluterio,M
Elva,F
Elvia,F
Elvira,F
Elvis,M
Ely,F
Elyzabeth,F
Ema,F
Emanuelle,F
Emerardo,M
Emerico,M
Emeterio,M
Emigdio,M
Emilia,F
Emiliano,M
Emilio,M
Emillio,M
Emil,M
Emilo,M
Emiterio,M
Emitiro,M
Emma,F
Emmanuela,F
Emmanuelle,F
Emmanuel,M
Emmett,M
Encarnacion,F
Enedelia,F
Enedina,F
Engracia,F
Enirique,M
Enoc,M
Enos,M
Enrique,M
Enriqueta,F
Enzo,M
Ephraim,M
Ephrain,M
Epifania,F
Epifanio,M
Epifano,M
Epifiano,M
Epigmenia,F
Epigmenio,M
Epitasio,M
Eppie,M
Eraclio,M
Erasmo,M
Erasto,M
Eratostenes,M
Erbey,M
Erbin,M
Eremita,F
Erendira,F
Eriberto,M
Erica,F
Erick,M
Eric,M
Erika,F
Erik,M
Erineo,M
Erin,F
Eristeo,M
Erlinda,F
Erma,F
Ermalinda,F
Erman,M
Ermelindo,M
Ermina,F
Erminda,F
Ermindo,M
Erminia,F
Ermita,F
Ernan,M
Ernestina,F
Ernest,M
Ernesto,M
Ernie,M
Ernistina,F
Erstle,M
Erubiel,M
Eru,M
Ervey,M
Erwin,M
Esau,M
Escibal,M
Escrisanto,M
Esdras,M
Esequiel,M
Esgardo,M
Esiquel,M
Esiquiel,M
Esmeralda,F
Esmerelda,F
Esmerido,M
Espartaco,M
Esperana,F
Esperanca,F
Esperanza,F
Espiridion,M
Espirodion,M
Esquiel,M
Esraban,M
Estaban,M
Estacio,M
Estanislado,M
Estanislao,M
Esteban,M
Estefania,F
Estela,F
Estella,F
Estelle,F
Ester,F
Estevan,M
Esther,F
Esvir,M
Etelfrido,M
Ethelbaldo,M
Ethel,F
Etienne,M
Eudes,M
Eudoro,M
Eufemia,F
Eugene,M
Eugenia,F
Eugenio,M
Eulalio,M
Eulayo,M
Eulogio,M
Eulojio,M
Eunice,F
Eusebio,M
Eusedio,M
Eusevio,M
Eustacio,M
Eutimia,F
Eva,F
Evangelina,F
Evangeline,F
Evardo,M
Evaristo,M
Eve,F
Evelia,F
Evelin,F
Evelio,M
Evelyn,F
Everado,M
Everardo,M
Everett,M
Ever,M
Evette,F
Evi,M
Evodio,M
Evonne,F
Evylan,F
Exequiel,M
Ezequiel,M
Ezra,M
Fab,?
Fabian,M
Fabiola,F
Fabio,M
Fabricio,M
Facio,M
Facundo,M
Fanny,F
Faruk,M
Fatima,F
Faustino,M
Fausto,M
Faustos,M
Favio,M
Federica,F
Federico,M
Fe,F
Felice,F
Felicia,F
Feliciano,M
Felicidad,F
Felimon,M
Felipa,F
Felipe,M
Felix,M
Felizardo,M
Felizita,F
Felope,M
Ferancisco,M
Ferdinaldo,M
Ferman,M
Fermin,M
Fernald,M
Fernanda,F
Fernandino,M
Fernando,M
Ferrel,M
Ferreol,M
Fesco,M
Fidadefo,M
Fidel,M
Fidelmar,M
Fidencio,M
Fidi,M
Filameno,M
Filberto,M
Filemon,M
Filiberto,M
Filimon,M
Filomeno,M
Filomon,M
Finnian,M
Fiodor,M
Fiordaliza,F
Fiorella,F
Fisel,M
Flaca,F
Flaco,M
Flavio,M
Floi,M
Flora,F
Florencia,F
Florencio,M
Florentina,F
Florentin,M
Florentino,M
Florenzia,F
Florenzio,M
Florenzo,M
Flor,F
Florian,M
Florindo,M
Floyd,M
Forentino,M
Forrest,M
Fortino,M
Fortunato,M
Fran,?
Francesca,F
Frances,F
Francina,F
Francis,?
Francisca,F
Francisco,M
Franciso,M
Francisxo,M
Françoise,F
Francois,M
Frankces,F
Frankie,M
Franklin,M
Frank,M
Freddie,M
Freddy,M
Frede,M
Frederick,M
Frederico,M
Fred,M
Fredrica,F
Fredrick,M
Fredrico,M
Fredy,M
Frida,F
Froilan,M
Froylan,M
Froylon,M
Fructuoso,M
Frutoso,M
Fulgencio,M
Gabe,M
Gabiel,M
Gabino,M
Gable,M
Gabo,M
Gabriela,F
Gabriella,F
Gabriel,M
Gabrile,M
Gail,F
Galen,M
Galindo,M
Galvacio,M
Gamaliel,M
Gandharva,M
Ganesha,M
Gardenia,F
Garga Muni,M
Gari,M
Garry,M
Garuda,M
Gary,M
Gaspar,M
Gasper,M
Gaston,M
Gator,M
Gaudencio,M
Gautama,M
Gavino,M
Gaviwo,M
Gayle,F
Geavonna,F
Gedeon,M
Gema,F
Gemma,F
Genaro,M
Gene,M
Genesis,F
Geneva,F
Genevieve,F
Genoveva,F
Genovevo,M
George,M
Georgia,F
Geovani,M
Geovanni,M
Geovanny,M
Gerado,M
Geraldine,F
Gerald,M
Geraldo,M
Gerard,M
Gerardo,M
Gerbasio,M
Geri,M
Germaine,M
Germana,F
German,M
Germano,M
Geronimo,M
Gerson,M
Gertrude,F
Gertrudis,F
Gervacio,M
Gervasio,M
Gianni,M
Giblert,M
Gibran,M
Gilardo,M
Gilbert,M
Gilberto,M
Gilda,F
Gildardo,M
Gillermo,M
Gillivado,M
Gil,M
Gina,F
Gines,M
Gino,M
Gio,M
Giovanna,F
Giovanni,M
Girard,M
Gisbert,M
Gisela,F
Gisele,F
Giselle,F
Gissele,F
Gisselle,F
Glen,M
Glenn,M
Glibert,M
Gloria,F
Glorianna,F
Glyn,M
Gobrias,M
Godofredo,M
Goliat,M
Gomes,M
Gonsalo,M
Gonzales,M
Gonzalo,M
Gonzolo,M
Gopala,M
Gopi,F
Gorge,M
Gorō,M
Govinda,M
Graceanne,F
Grace,F
Gracia,F
Graciano,M
Gracie,F
Graciela,F
Graciella,F
Gracilia,F
Grant,M
Gregario,M
Gregg,M
Greg,M
Gregoria,F
Gregorio,M
Gregoris,M
Gregory,M
Griselda,F
Gritsa Mada,M
Grizelda,F
Guadalupe,F
Guadlupe,M
Guadulupe,M
Gualberto,M
Gudalupe,M
Guido,M
Guillermo,M
Guliana,F
Gumaro,M
Gumercindo,M
Gumersindo,M
Gumesindo,M
Guna,F
Gusinfredo,M
Gus,M
Gustabo,M
Gustavo,M
Guy,M
Harland,M
Harlan,M
Harold,M
Haroldo,M
Harry,M
Harvey,M
Haydee,F
Hazael,M
Hazel,F
Hector,M
Hedilberto,M
Heidi,F
Heihachi,M
Heihachirō,M
Heinz,M
Helario,M
Helena,F
Helen,F
Helga,F
Helidoro,M
Heliodor,M
Heliodoro,M
Helvia,F
Helvira,F
Hendry,M
Heneracio,M
Henrietta,F
Henrik,M
Henry,M
Heracio,M
Heraclides,M
Heraclio,M
Heradio,M
Herbert,M
Herberto,M
Herbierto,M
Hercules,M
Heriberto,M
Herlinda,F
Herman,M
Hermann,M
Hermelindo,M
Hermenegildo,M
Hermengildo,M
Hermergildo,M
Hermergilo,M
Hermilio,M
Hermillo,M
Hermilo,M
Herminia,F
Herminio,M
Hernan,M
Herny,M
Herodes,M
Herraldo,M
Herrardo,M
Herwin,M
Hever,M
Higinio,M
Hilario,M
Hilarion,M
Hilberto,M
Hilda,F
Hiliodoro,M
Hillary,F
Himan,M
Hipolito,M
Hisashi,M
Hitomi,F
Holi,F
Homero,M
Homobono,M
Honorato,M
Honorio,M
Hope,F
Horacio,M
Horaldo,M
Horatio,M
Hormisdas,M
Hortensia,F
Hosanna,F
Hoton,M
Howard,M
Hubaldo,M
Hubert,M
Huero,M
Hugo,M
Humbert,M
Humberto,M
Iaksa,M
Iaksi,F
Ian,M
Iashoda,F
Ichirō,M
Ida,F
Idelfonso,M
Idoya,F
Ignacia,F
Ignacio,M
Iisidro,M
Iker,M
Ikerne,F
Iksuaku,M
Ilan,M
Ilario,M
Ilda,F
Ildefonso,M
Ileana,F
Ilene,F
Iliminado,M
Ilse,F
Imelda,F
Indalecio,M
Indira,F
Ines,F
Inez,F
Ingeborg,F
Ingrid,F
Inocencio,M
Inocente,M
Iracema,F
Iradier,M
Iram,M
Iran,M
Irasema,F
Irazu,F
Ireano,M
Irene,F
Irenio,M
Ireno,M
Ireyda,F
Iria,F
Irma,F
Irnesto,M
Irving,M
Irvin,M
Isaac,M
Isabela,F
Isabel,F
Isabella,F
Isabelle,F
Isabell,F
Isadore,M
Isaias,M
Isai,M
Isaul,M
Isauro,M
Isdael,M
Isdel,M
Isela,F
Ishmael,M
Isibro,M
Isidora,F
Isidor,M
Isidoro,M
Isidrio,M
Isidrol,M
Isidro,M
Ismael,M
Ismeal,M
Israel,M
Israud,M
Isreal,M
Issac,M
Italo,M
Itolloiver,M
Itziar,F
Iudistira,M
Ivana,F
Ivan,M
Ivette,F
Ivo,M
Ivonne,F
Izan,M
Izek,M
Jaaziel,M
Jaciento,M
Jacinto,M
Jackey,M
Jackie,F
Jacki,F
Jack,M
Jacob,M
Jacobo,M
Jacqueline,F
Jacquilyn,M
Jacquin,M
Jael,F
Jaganatha,M
Jahza,F
Jaime,M
Jaimenacho,M
Jaimie,M
Jair,M
Jairo,M
Jake,M
Jalaiuda,M
James,M
Jamie,M
Jammie,M
Jane,F
Janet,F
Janeth,F
Janice,F
Janie,F
Jan,M
Jannet,F
Jannette,F
Janto,M
Jaqueline,F
Jarini,M
Jarischandra,M
Jarsha Vardhana,M
Jasmine,F
Jason,M
Jasper,M
Javiera,F
Javier,M
Javir,M
Jay,M
Jayme,M
Jayson,M
Jazmin,F
Jeanette,F
Jean François,M
Jean,M
Jeannette,F
Jeannie,F
Jefferson,M
Jeffery,M
Jeff,M
Jeffory,M
Jeffrey,M
Jemachandra,M
Jemmy,F
Jenar,M
Jenaro,M
Jenius,M
Jennie,F
Jennifer,F
Jenny,F
Jensen,M
Jens,M
Jerardo,M
Jeremiah,M
Jeremias,M
Jeremy,M
Jerimiah,M
Jerimie,M
Jeronimo,M
Jerriana,F
Jerrod,M
Jerrold,M
Jerry,M
Jessedith,F
Jessee,M
Jesse,M
Jessica,F
Jessie,F
Jessi,F
Jessinda,F
Jess,M
Jesusita,F
Jesus,M
Jhony,M
Jilario,M
Jill,F
Jimena,F
Jimi,M
Jim,M
Jimmie,M
Jimmy,M
Jindario,M
Jirania Kashipu,M
Jirō,M
Joachim,M
Joan,F
Joanne,F
Joann,F
Joanquin,M
Joaquin,M
Jobito,M
Job,M
Jocelyn,F
Jody,F
Joel,M
Joe,M
Joesph,M
Joey,M
Johanna,F
Johann,M
John,M
Johnnie,M
Johnny,M
Johny,M
Jonadab,M
Jonathan,M
Jon,M
Jonnie,M
Jordan,M
Jorge,M
Josafat,M
Josefina,F
Josefine,F
Josefino,M
Joselita,F
Josel,M
Joseluis,M
Jose,M
Joseo,M
Josephine,F
Joseph,M
Josep,M
Joses,M
Josh,M
Joshua,M
Joshusa,M
Josias,M
Josie,F
Josmar,M
Josphine,F
Joss,?
Josue,M
Josu,M
Jovita,F
Joyce,F
Juana,F
Juanelo,M
Juanita,F
Juanito,M
Juan,M
Juanna,F
Juaquine,M
Juaquin,M
Jubenal,M
Juda,M
Judas,M
Judi,F
Judit,F
Judith,F
Judy,F
Juiber,M
Julia,F
Juliana,F
Juliandra,F
Julian,M
Juliann,F
Julie,F
Julieta,F
Juliet,F
Julio,M
Julius,M
Junior,M
Justin,M
Justino,M
Justo,M
Juvenal,M
Juvencio,M
Juventino,M
Kacy,M
Kaede,F
Kailash,M
Kal-el,M
Kalidasa,M
Kali,F
Kalpa,F
Kamala,F
Kamalatmika,F
Kankurō,M
Kanua,M
Kapila,M
Kardama,M
Karen,F
Karina,F
Karla,F
Karlene,F
Karl,M
Karlos,M
Karttikeya,M
Kasandra,F
Kasper,M
Kassandra,F
Katherine,F
Kathleena,F
Kathleen,F
Kathy,F
Katia,F
Katiana,F
Katie,F
Kavi,M
Kedara,M
Kedarnath,M
Kee,M
Keiko,F
Keila,F
Keith,M
Kelle,F
Kelley,M
Kellie,F
Kelly,F
Kemuel,M
Kendall,M
Ken,M
Kenneth,M
Kenny,M
Kent,M
Kenzō,M
Kervin,M
Kevin,M
Kike,M
Kimberley,F
Kimberly,F
Kinnara,M
Kintarō,M
Kintuillang,M
Kinur,M
Kira,F
Kirara,F
Kojirō,M
Kola,F
Krishna,?
Kristina,F
Kristopher,M
Ksatri,M
Kumbha Karna,M
Kumiko,F
Kundalini,F
Kunti,F
Kurt,M
Kuru,M
Kushika,M
Kyle,M
Laban,M
Ladislao,M
Laksman Sen,M
Lalo,M
Lambert,M
Lamberto,M
Lance,M
Lander,M
Larae,F
Larisa,F
Lariza,F
Larry,M
Lartaun,M
Larue,F
Larye,M
Lau,F
Laura,F
Laureano,M
Laurence,M
Laurencio,M
Laurie,F
Lauro,M
Lautaro,M
Laverna,F
Lawrence,M
Lazaro,M
Lazzrus,M
Leahonia,F
Leanders,M
Leandra,F
Leandro,M
Leanna,F
Leanor,F
Leeann,F
Leila,F
Lela,F
Lena,F
Lennard,M
Lenny,M
Lenore,F
Leobaldo,M
Leobardo,M
Leo,M
Leonard,M
Leonardo,M
Leoncio,M
Leonel,M
Leonelo,M
Leonides,M
Leon,M
Leonor,F
Leopold,M
Leopoldo,M
Leovigildo,M
Leria,F
Leroy,M
Leslie,F
Lester,M
Leticia,F
Leticio,M
Letisha,F
Letticia,F
Levi,M
Lewie,M
Lewis,M
Lezith,F
Lia,F
Liandro,M
Liberata,F
Liberato,M
Liberto,M
Librado,M
Libradro,M
Licas,M
Lidia,F
Lidio,M
Lilia,F
Liliana,F
Lilian,F
Lili,F
Lille,F
Lillian,F
Lilly,F
Linc,M
Linda,F
Lino,M
Lionel,M
Lionso,M
Lior,M
Lisa,F
Lisandro,M
Lis,F
Lisi,F
Liss,F
Lizabeth,F
Liza,F
Lizandro,M
Lizbeth,F
Lizeth,F
Liz,F
Lizzy,F
Llacolen,F
Lloyd,M
Lobardo,M
Loenardo,M
Loick,M
Loic,M
Lois,M
Lokapala,M
Lola,F
Lombardo,M
Longino,M
Lonnie,M
Lonny,M
Lopa Mudra,F
Lopoldo,M
Lore,F
Lorena,F
Lorence,M
Loren,M
Lorenza,F
Lorenzo,M
Loreto,M
Loretta,F
Lori,F
Lorraine,F
Louie,M
Loui,M
Louise,F
Louis,M
Lou,M
Lourdes,F
Lovette,F
Loy,M
Luberta,F
Lubomir,M
Lucas,M
Lucia,F
Luciana,F
Luciano,M
Lucila,F
Lucile,F
Lucille,F
Lucinda,F
Lucio,M
Lucretia,F
Lucy,F
Ludmila,F
Ludovico,M
Luigi,M
Luisa,F
Luise,F
Luisita,F
Luisito,M
Luis,M
Lujano,M
Luke,M
Lulu,F
Luna,F
Luocadio,M
Lupe,F
Lupita,F
Lusiano,M
Lusio,M
Luther,M
Luz,F
Lydia,F
Lyle,M
Lynda,F
Lyn,M
Lynn,F
Lyzzie,F
Mabele,F
Mabel,F
Mabelle,F
Mabloddy,M
Macarena,F
Macario,M
Macedonio,M
Maciel,M
Mack,M
Maclovio,M
Macx,M
Madaleno,M
Madhusudan,M
Mafer,F
Maffeo,M
Magaliel,M
Magali,F
Magdalena,F
Magdaleno,M
Magdelano,M
Magin,M
Mahomedalid,M
Maia Asura,M
Maia,F
Maite,F
Maja,F
Maja Vidia,F
Malena,F
Malgorzata,F
Malinalli,F
Manasa,F
Manda,F
Mandy,F
Maneul,M
Manfred,M
Mankilef,M
Manny,M
Manolito,M
Manolo,M
Mantra,F
Manual,M
Manuela,F
Manuel,M
Manu,M
Marcaria,F
Marce,F
Marcela,F
Marcelino,M
Marcella,F
Marcello,M
Marcel,M
Marcelo,M
Marcia,F
Marciall,M
Marcial,M
Marciano,M
Marcie,F
Marcinda,F
Marck,M
Marc,M
Marco,M
Marcos,M
Marcus,M
Marcy,F
Margaret,F
Margarita,F
Margarito,M
Margartio,M
Margie,F
Margo,F
Marguerite,F
Maria Amalia,F
Maria Ana,F
Maria Cristina,F
Maria del Mar,F
Maria,F
Mariana,F
Mariane,F
Marian,F
Marianna,F
Mariano,M
Maria Pia,F
Maria Teresa,F
Maribel,F
Maricela,F
Maricia,F
Maricruz,F
Marie,F
Mariela,F
Mariel,F
Marien,F
Marieta,F
Marietta,F
Mari,F
Marigrace,F
Marijo,F
Marijose,F
Marijos,F
Marilu,F
Marilyn,F
Marina,F
Marin,M
Marino,M
Mariodro,M
Mario,M
Marious,M
Marisa,F
Marissa,F
Marizol,F
Marjorie,F
Mark,M
Marko,M
Marla,F
Marland,M
Marlene,F
Marlenne,F
Marlina,F
Marlis,F
Marlon,M
Marquez,M
Marselino,M
Marsella,F
Marshall,M
Marta,F
Martha,F
Martias,M
Martina,F
Martin,M
Martinne,F
Martiño,M
Marty,M
Maruritte,F
Marva,F
Marvel,M
Marvin,M
Maryann,F
Mary,F
Marylou,F
Marzelo,M
Matariswan,M
Mateo,M
Materia,F
Mathew,M
Mathias,M
Matias,M
Matilda,F
Matilde,F
Matio,M
Matrikas,F
Matteo,M
Matthew,M
Matt,M
Maude,F
Mauel,M
Mau,M
Maura,F
Mauricio,M
Maurico,M
Maurilio,M
Maurillo,M
Maurisio,M
Mauro,M
Maximiano,M
Maximiliano,M
Maximino,M
Maximo,M
Max,M
Maxmillian,M
Maya,F
Mayo,M
Mayra,F
Mazatl,M
Medardo,M
Megumi,F
Meiryan,F
Melani,F
Melanny,F
Melany,F
Melecio,M
Melinda,F
Melisa,F
Melissa,F
Meliton,M
Melquaides,M
Melqueades,M
Melquiades,M
Melton,M
Melvin,M
Memo,M
Menaka,F
Mencia,F
Merardo,M
Mercedes,F
Mercedez,F
Merced,M
Mercy,F
Merejildo,M
Merijildo,M
Merino,M
Merita,F
Mervin,M
Mia,F
Mica,F
Michaela,F
Michael,M
Michal,M
Michele,F
Michelle,F
Michel,M
Mickey,M
Mida,F
Migel,M
Miguel,M
Mikel,M
Mike,M
Mikki,F
Mildred,F
Milena,F
Milinda,F
Millaray,F
Milo,M
Milton,M
Minerva,F
Miqueas,M
Miquel,M
Miracle,F
#Miranda,F
Mirian,F
Mirna,F
Miroslav,M
Mirtha,F
Misael,M
Mitchell,M
Mitzie,F
Mizden,F
Modesta,F
Modesto,M
Moises,M
Moisos,M
Molly,F
Mona,F
Monica,F
Moni,F
Moniqueca,F
Monique,F
Monse,F
Monserrat,F
Monte,M
Montse,F
Montserrat,F
Monty,M
Moraim,M
Morgan,M
Moritz,M
Moses,M
Motley,M
Mstislav,M
Muhammad,M
Murabi,M
Muriel,F
Mustafa,M
Mychell,F
Myra,F
Myrna,F
Nabor,M
Nacha,F
Nacho,M
Nadezhda,F
Nadia,F
Nadine,F
Nahaman,M
Nahia,F
Nahum,M
Nailea,F
Nala,F
Nallely,F
Namaste,M
Nancy,F
Nandi,M
Nanette,F
Naomi,F
Napoleon,M
Narakasura,M
Narcisco,M
Narciso,M
Narciza,F
Narcizo,M
Nasario,M
Nason,M
Natalia,F
Natalie,F
Natalio,M
Natan,M
Nataraja,M
Nathaniel,M
Nathan,M
Nath,M
Natividad,M
Navor,M
Naye,F
Nayeli,F
Nayelli,F
Nayely,F
Nayra,F
Nazario,M
Necolas,M
Nedel,M
Neftali,M
Neftalli,M
Neftaly,M
Nehemias,M
Neli,F
Nell,F
Nellie,F
Nelli,F
Nelly,F
Nelson,M
Nemesio,M
Nepomuceno,M
Nepomuk,M
Nerea,F
Neri,M
Nery,M
Nestor,M
Neto,M
Nettie,F
Netzahaulco,M
Nicandor,M
Nicandro,M
Nicasio,M
Nicholas,M
Nickey,M
Nicklas,M
Nick,M
Nickolas,M
Nicky,M
Nicodema,M
Nicolas,M
Nicole,F
Nicoleta,F
Nicte,F
Nicteha,F
Nicte-Ha,F
Nidia,F
Nikita,F
Nikolas,M
Nikte,F
Nilda,F
Nimi,M
Nimrod,M
Nino,M
Niriti,F
Noah,M
Noelia,F
Noel,M
Noe,M
Noemi,F
Nolberto,M
Nora,F
Norbert,M
Norberto,M
Nori,F
Norma,F
Norman,M
Nuria,F
Obel,M
Obie,M
Oceas,M
Octavia,F
Octaviano,M
Octavianow,M
Octavio,M
Odet,F
Odette,F
Odett,F
Odilion,M
Odilon,M
Odon,M
Odulio,M
Ofelia,F
Oier,M
Olademis,F
Olegario,M
Olga,F
Olinta,F
Olivia,F
Ollie,M
Olvideo,M
Omar,M
Onecimo,M
Onesiforo,M
Onofre,M
Ontoniel,M
Ophelia,F
Oracio,M
Oralleo,M
Oreste,M
Orlando,M
Ornel,M
Oscar,M
Osiris,M
Oskr,M
Osman,M
Osmar,M
Osvaldo,M
Oswald,M
Oswaldo,M
Otilio,M
Otoniel,M
Otto,M
Otulio,M
Ovidio,M
Pableo,M
Pablo,M
Paciano,M
Paco,M
Pacomio,M
Paloma,F
Pame,F
Pamela,F
Pam,F
Panagiotis,M
Pancho,M
Pandava,M
Pandora,F
Pandu,M
Panfilo,M
Pantaleon,M
Paola,F
Paolo,M
Parashurama,M
Pariksit,M
Paris,M
Parsua,M
Parvati,F
Paryania,M
Pascual,M
Pasha,F
Pasqual,M
Passion,F
Patrice,F
Patricia,F
Patricio,M
Patrick,M
Patric,M
Patsy,F
Patti,F
Pattyann,F
Patty,F
Paty,F
Pau,F
Paula,F
Paulina,F
Pauline,F
Paulinne,F
Paulino,M
Paul,M
Paulo,M
Paz,F
Pearl,F
Pedro,M
Peggy,F
Pennia,F
Penny,F
Pepe,M
Pepper,F
Percilino,M
Percy,M
Perfecto,M
Perla,F
Perry,M
Persefone,F
Pete,M
Peter,M
Peterson,M
Petra,F
Pharaoh,M
Phellipe,M
Philbert,M
Philip,M
Philippe,M
Philix,M
Phillip,M
Phil,M
Pierre,M
Pilar,F
Pili,F
Pilita,F
Pipino,M
Pitina,F
Pius,M
Placenta,F
Placido,M
Plutarco,M
Policarpo,M
Polo,M
Ponceano,M
Ponciano,M
Porfirio,M
Pradiumna,M
Prakriti,F
Preciliano,M
Premislao,M
Primitibo,M
Primitivo,M
Primo,M
Prisciliano,M
Priscilla,F
Prithu,M
Pritivi,F
Procopio,M
Prudencio,M
Publio,M
Pulaja,M
Puloman,M
Purusha,M
Purushottama,M
Qinton,M
Quartina,F
Quenna,F
Quilen,F
Quintin,M
Quique,M
Quirico,M
Quirino,M
Rachael,F
Rachel,F
Rachelle,F
Radamas,M
Radha,F
Radomir,M
Radosław,M
Rady,M
Rafaael,M
Rafaela,F
Rafaella,F
Rafael,M
Rafale,F
Rafa,M
Rafeal,M
Rafeel,M
Raghu,M
Raimundo,M
Rainer,M
Raju,M
Raksasa,M
Ralph,M
Rambha,F
Ramie,M
Ramijio,M
Raminta,F
Ramiro,M
Ramona,F
Ramondo,M
Ramone,M
Ramon,M
Ramses,M
Randall,M
Randolfo,M
Randolph,M
Randy,M
Ranulfo,M
Raoul,M
Raphael,M
Raquel,F
Raqui,M
Raudel,M
Raul,M
Ravana,M
Ray,M
Raymond,M
Raymondo,M
Raymon,M
Raymundo,M
Raynaldo,M
Raynell,M
Reanna,F
Rebbecca,F
Rebeca,F
Rebecca,F
Rebekah,F
Recardi,M
Recordal,M
Redolfo,M
Refugio,F
Regan,M
Reggie,M
Regina,F
Reginald,M
Reginaldo,M
Regino,M
Regis,M
Reineiro,M
Relles,M
Relo,M
Remegius,M
Remejio,M
Remigio,M
Remigo,M
Remijio,M
Renae,M
Renaldo,M
Renata,F
Renato,M
Renau,M
Rene,M
Reni,M
Renne,M
Reto,M
Reuben,M
Reva,F
Reydecel,M
Reydesel,M
Reylando,M
Rey,M
Reymaldo,M
Reymundo,M
Reyna,F
Reynaldo,M
Reza,F
Rhoda,F
Rhonda,F
Ribhu,M
Ricardo,M
Richard,M
Richardo,M
Rickardo,M
Rickey,M
Rick,M
Ricky,M
Rico,M
Rigaberto,M
Rigel,M
Rigoberto,M
Ringo,M
Rishabha,M
Rishikesh,M
Rita,F
#Rito,M
Roberta,F
Robertd,M
Robert,M
Roberto,M
Robin,F
Rocio,F
Rocky,M
Roddy,M
Roderick,M
#Rod,M
Rodney,M
Rodolfo,M
Rodolpho,M
Rodrico,M
Rodrigo,M
Rodulfo,M
Roel,M
Rofelio,M
Rogelio,M
Rogerlio,M
Roger,M
Rogoberto,M
Roice,M
Rojalo,M
Rojelio,M
Rojiolio,M
Roland,M
Rolando,M
Rolan,M
Roldolfo,M
Romaldo,M
Roman,M
Romelia,F
Romel,M
Romeo,M
Romero,M
Romilo,M
Rommel,M
Romona,F
Romon,M
Romuald,M
Romulo,M
Ronald,M
Ronaldo,M
Ronco,M
Ronja,F
Ron,M
Ronnie,M
Ronny,M
Ronolfo,M
Rony,M
Roosevelt,M
Roque,M
Rory,M
Rosa,F
Rosaisela,F
Rosalba,F
Rosalee,F
Rosalia,F
Rosalie,F
Rosalinda,F
Rosalino,M
Rosalio,M
Rosalyn,F
Rosamar,F
Rosamelia,F
Rosanna,F
Rosaria,F
Rosario,F
Rosauro,M
Roseanna,F
Roseann,F
Rose,F
Roselio,M
Rosemarie,F
Rosemary,F
Rosendo,M
Rosendro,M
Rosera,F
Rosie,F
Rosindo,M
Rosita,F
Ross,M
Roxanne,F
Roxann,F
Roy,M
Rozendo,M
Rual,M
Ruben,M
Rubi,F
Rubin,M
Ruby,F
Rudloph,M
Rudolf,M
Rudolfo,M
Rudolph,M
Rudolpho,M
Rudy,M
Rueben,M
Ruen,M
Rufino,M
Rufugio,M
Rulo,M
Rumaldo,M
Runaldo,M
Rupert,M
Russell,M
Rustian,M
Rut,F
Ruth,F
Rutillo,M
Rutilo,M
Ryan,M
Sabas,M
Sabastian,M
Sabine,F
Sabino,M
Sabrina,F
Saburō,M
Sacramento,M
Sadako,F
Sadot,M
Sadrac,M
Sagara,M
Sagueo,M
Sajadeva,M
Sakti,F
Sakura,F
Salavador,M
Salazar,M
Salina,F
Sally,F
Salma,F
Salome,M
Salomon,M
Salud,M
Salvadore,M
Salvador,M
Salvatore,M
Samanatha,F
Samantha,F
Sambor,M
Samhita,F
Samira,F
Samkhya,F
Sam,M
Sammie,M
Sammual,M
Sammy,M
Samsara,F
Samuel,M
Samy,?
Sancha,F
Sancho,M
Sandalio,M
Sandra,F
Sandro,M
Sandy,F
Sanford,M
Sanjaya,M
Santa,F
Santiago,M
Santi,M
Santino,M
Santo,M
Santos,M
Sanyaia,M
Saoul,M
Sara,F
Sarah,F
Sarahi,F
Sarai,F
Sarama,F
Saraniu,F
Sarapio,M
Sarasvati,F
Šarūnas,M
Satia Bhama,F
Satornino,M
Satrayit,M
Sattva,F
Saturnino,M
Saul,M
Saulstio,M
Savino,M
Scencio,M
Scott,M
Sean,M
Sebastian,M
Seceil,M
Secundino,M
Sedonio,M
Seferino,M
Sefernio,M
Segundo,M
Selena,F
Selene,F
Selim,M
Selso,M
Seniada,F
Senobio,M
Senon,M
Senorina,F
Senorino,M
Serafin,M
Serapio,M
Serch,M
Serena,F
Sergio,M
Servando,M
Servano,M
Setefilla,F
Seventes,M
Severiano,M
Severo,M
Shaina,F
Shakha,F
Shakira,F
Shakuntala,F
Shalivajana,M
Shalome,F
Shana,F
Shandreca,F
Shane,M
Shannen,F
Shannon,M
Shantale,F
Shantalle,F
Shari,F
Sharon,F
Shawn,M
Shayna,F
Sheila,F
Shelley,F
Shephen,M
Sheri,F
Shinzō,M
Shirin,F
Shirley,F
Shirō,M
Shiva,M
Shondel,M
Siddha,M
Sidney,M
Sidonio,M
Sigifedo,M
Sigiferdo,M
Sigifredo,M
Sigrid,F
Silbestre,M
Silvania,F
Silvano,M
Silverio,M
Silvester,M
Silvestre,M
Silvia,F
Silviano,M
Silvino,M
Silvio,M
Simona,F
Simone,M
Simon,M
Sinai,?
Sinead,F
Sinivali,F
Sisto,M
Sita,F
Sixto,M
Slavko,M
Slawomir,M
Sly,M
Socorro,F
Socrates,M
Sofia,F
Sofie,F
Sofi,F
Soliz,M
Soloman,M
Solomon,M
Solymar,F
Sonia,F
Sonja,F
Sonny,M
Sonya,F
Sophia,F
Sophie,F
Sophi,F
Soraya,F
Sostenes,M
Sotero,M
Soyla,F
Spiro,M
Sraddha,F
Srivatsa,M
Stacy,M
Stanley,M
Stantiago,M
Starla,F
Stason,M
Stefan,M
Stefano,M
Stella,F
Stephanie,F
Stephani,F
Stephen,M
Steph,F
Steve,M
Steven,M
Stevon,M
Stryker,M
Stuart,M
Suarga,F
Subhadra,F
Sudraka,M
Sue,F
Sukra,M
Suleiman,M
Sulema,F
Suria,F
Susana,F
Susan,F
Susanna,F
Susano,M
Susie,F
Susy,F
Suyog,M
Suzanna,F
Suzelly,F
Sybil,F
Sydney,F
Sylvano,M
Sylvester,M
Sylvia,F
Tabare,M
Tadeo,M
Talia,F
Tamara,F
Tamar,F
Tammie,F
Tammy,F
Tania,F
Tanya,F
Tara,F
Tasha,F
Tawny,M
Teddy,F
Ted,M
Telesforo,M
Telesphore,M
Temistocles,M
Teodora,F
Teodore,M
Teodoro,M
Teofilo,M
Tere,F
Teresa,F
Tereso,M
Teri,F
Terrance,M
Terrence,M
Terresa,F
Terri,F
Terry,F
Tete,F
Thalia,F
Tharin,M
Thelma,F
Theodore,M
Theodoro,M
Theresa,F
Therese,F
Thomas,M
Tibet,M
Tiburcio,M
Tiffanee,F
Tiffany,F
Tillie,F
Time,M
Tim,M
Timmy,M
Timoteo,M
Timothy,M
Tina,F
Tino,M
Tiodoro,M
Tiofilo,M
Tio,M
Tirzo,M
Tisac,M
Tito,M
Tlaulli,F
Tobias,M
Todd,M
Togarma,M
Tomas,M
Tom,M
Tommie,M
Tommy,M
Tona,?
Tonantzin,F
Tonanzin,F
Tonatiuh,M
Toni,M
Toño,M
Tonya,F
Tony,M
Toraidio,M
Toribio,M
Torvivio,M
Toshua,F
Tracey,?
Tracie,F
Tracy,F
Trancito,M
Tranquilino,M
Transito,M
Travis,M
Trent,M
Triana,F
Tricia,F
Trina,F
Trine,M
Trinidad,F
Trini,F
Trinity,F
Trinnidad,M
Trisha,F
Triston,M
Troy,M
Truedicia,F
Tsidrio,M
Tuastri,M
Tyona,F
Tyrone,M
Tyson,M
`Ubaidallah,M
Ubaldo,M
Ulises,M
Ulyses,M
Undercio,M
Uranius,M
Urbano,M
Uren,M
Uriah,M
Urias,M
Uriel,M
Urso,M
Ursula,F
Urvashi,F
Uvaldo,M
Uvo,M
Vacililo,M
Vaclav,M
Vadim,M
Vaiu,M
Vala,M
Valarie,F
Valdemar,M
Vale,?
Valecita,F
Valente,M
Valentime,M
Valentina,F
Valentine,M
Valentin,M
Valentino,M
Valeria,F
Valerie,F
Valerio,M
Valery,F
Vali,M
Val,M
Valme,F
Vanaspati,M
Vance,M
Vanesa,F
Vanessa,F
Vasudeva,M
Vecks,F
Vega,F
Velia,F
Velinda,F
Velma,F
Venancio,M
Vera,F
Verchel,M
Verletta,F
Verna,F
Vern,M
Vernon,M
Vero,F
Verona,F
Veronica,F
Vianey,F
Vianney,F
Vicenta,F
Vicente,M
Vickie,F
Vick,M
Vicky,F
Victoria,F
Victoriano,M
Victor,M
#Vida,F
Vidura,M
Vikramāditya,M
Villamor,M
Vince,M
Vincente,M
Vincent,M
Vincete,M
Vinson,M
Viocente,M
Viola,F
Violeta,F
Violet,F
Virgen,M
Virgilio,M
Virgil,M
Virginia,F
Virginio,M
Viridiana,F
Viri,F
Virina,F
Vishua Karma,M
Visnu,M
Vito,M
Viviana,F
Viviane,F
Vivian,F
Vladimiro,M
Vladislao,M
Vsevolod,M
Waldo,M
Walkira,F
Walter,M
Ward,M
Warren,M
Wayne,M
Wednesday,M
Wencesla,M
Wenceslao,M
Wendy,F
Wenseslao,M
Weslie,M
Wilbur,M
Wilby,M
Wiley,M
Wilford,M
Wilfred,M
Wilfredo,M
Wilfrido,M
Willam,M
Willard,M
William,M
Willie,M
Wilson,M
Wojciech,M
Wuilfridoh,M
Wulfrano,M
Wyle,M
Xavier,M
Xenia,F
Xicotencatl,M
Ximena,F
Xiomara,F
Xochilt,F
Xochiquetzal,F
Xochitl,F
Xofia,F
Yada Bharata,M
Yajnu,M
Yambavati,F
Yanameyaia,M
Yancy,M
Yaneisy,F
Yanely,F
Yannick,M
Yaromir,M
Yasmine,F
Yasmin,F
Yasna,F
Yasu,M
Yasunari,M
Yazmin,F
Yazzie,M
Yedid,F
Yeidckol,F
Yesenia,F
Yessus,M
Yetta,F
Yetzabel,F
Ygnacio,M
Yizel,F
Yndira,F
Yoani,F
Yolanda,F
Yoland,F
Yollotl,F
Young,M
Ysaias,M
Ysidoro,M
Ysidro,M
Ysmael,M
Ysrael,M
Ysuaro,M
Yuko,F
Yuliana,F
Yunikoon,F
Yusuf,M
Yves,M
Yvette,F
Yvonne,F
Zabulon,M
Zacarias,M
Zachariah,M
Zachary,M
Zanobi,M
Zapopa,F
Zaqueo,M
Zbigniew,M
Zeferino,M
Zelma,F
Ziegfried,M
Zitla,F
Zoe,F
Zoila,F
Zoraida,F
Zoran,M
Zuky,F
Zulema,F
Zuleyma,F
Zumac,F
Zyanya,F
Itzel,F
Ixchel,F
Anette,F
Annette,F
Annete,F
Annet,F
Anett,F
Isra,M
Alessandra,F
Alesandra,F
Pito,M
Logan,M
Momo,F
Dinora,F
Gabby,F
Vivienne,F
Viviene,F
Mijael,M
Sandi,F
Josema,M
Chemari,M
Xose,M
Josefa,F
Soledad,F
Soco,F
Sole,F
Puri,F
Inmaculada,F
Inma,F
Johan,M
Jon,M
Johnatan,M
Jonatan,M
Natan,M
Wilmer,M
Willmer,M
Jeysson,M
Jeyson,M
Yuliet,F
Yeison,M
Jeison,M
Yoan,M
Fred,M
Napoleon,M
Eleonora,F
Irina,F
Tonatinu,M
Nico,M
Alber,M
Juanma,M
Juancar,M
Juanra,M
Pacho,M
Curro,M
Charo,F
Chelo,F
Maite,F
Goyo,M
Chayo,F
Toño,M
Tono,M
Wili,M
Willi,M
Guili,M
Guilli,M
Ursa,F
Ursula,F
Xabier,M
Xabi,M
Xavi,M
Javi,M
Jabier,M
Moncho,M
Mijail,M
Didi,F
Lulu,F
Javivi,M
Jabibi,M
Rancio,M
Arenio,M
Arenius,M
Yuriko,F
Josemaria,M
Mariajose,F
Joseguadalupe,M
Joselu,M
Mireya,F
Yeya,F
Mirella,F
Ema,F
Emma,F
Ramona,F
Goku,M
Vegeta,M
Bulma,F
Robocop,M
Masiosare,M
Estuardo,M
Condoriano,M
Jonas,M
Chente,M
Joju,M
Marcia,F
Refugio,F
Adri,?
Andy,?
Chris,?
Cris,?
Fede,?
Chuy,?
Fran,?
Guille,?
Fabi,?


Adalberto,M
Adal,M
Dalber,M
Beto,M
Betico,M
Adolfo,M
Ado,M
Fito,M
Dolfi,M
Adrián,M
Adriano,M
Agustín,M
Agus,M
Guti,M
Cucho,M
Tantín,M
Tin
Alberto,M
Beto,M
Berto,M
Bertín,M
Tito,M
Alber,M
Buichi,M
Alejandro,M
Alejo,M
Alejito,M
Cano,M
Jandro,M
Jano,M
Alfonso,M
Alfon,M
Poncho,M
Pocho,M
Poto,M
Fonsi,M
Fonso,M
Loncho,M
Chocho,M
Alfredo,M
Alf,M
Fredo,M
Fred,M
Freddy,M
Alvaro,M
Alvo,M
Alvarin,M
Alvarito,M
Alvi
Amado,M
Mayo,M
Anastasio,M
Tacho,M
Tasio,M
Andres,M
Andrelo,M
Angel,M
Angelito,M
Anguito,M
Antonio,M
Toño,M
Toni,M
Tono,M
Anto,M
Antuco,M
Choño,M
Antxon,M
Apolinar,M
Poli,M
Ariel,M
Ari,M
Aristeo,M
Teo,M
Armando,M
Armi,M
Mando,M
Arsenio,M
Chenio,M
Cheno
Atanasio,M
Tacho,M
Augusto,M
Guto,M
Guty,M
Bartolome,M
Bartolo,M
Bart,M
Mome,M
Tolo,M
Benjamin,M
Benja,M
Benjita,M
Jamin,M
Mincho,M
Chamin,M
Benji,M
Benjamon,M
Bernardo,M
Berni,M
Beño,M
Berna,M
Beñallo,M
Camilo,M
Milo,M
Chamilo,M
Carlos,M
Carl,M
Carlitos,M
Litos,M
Chaz,M
Charly
Cesar,MM
Cesarin,M
Cesario,M
Chicharo,M
Chechai,M
Tesar,M
Checha,M
Chichitar,M
Chon,M
Constantino,M
Costan,M
Tino,M
Tinín,M
Crescenciano,M
Chano,M
Crescencio,M
Chencho,M
Christian,M
Cristian,M
Cristóbal,M
Cristo,M
Claudio,M
Cayo,M
Clau,M
Claus,M
Daniel,M
Dan,M
Dagoberto,M
Dago,M
Dario,M
Dari,M
David,M
Davo,M
Davi,M
Davicho
Desiderio,M
Yeyo,M
Diamantino,M
Tino,M
Trino,M
Diego,M
Yago,M
Domingo,M
Domo,M
Domi,M
Mingo,M
Donaldo,M
Doni,M
Don,M
Eduardo,M
Edu,M
Lalo,M
Yayo,M
Guayo,M
Wardo,M
Emanuel,M
Emilio,M
Emil,M
Milio,M
Milo,M
Milito,M
Miliuco,M
Enrique,M
Enri,M
Harry,M
Ricky,M
Roque,M
Quique,M
Kike,M
Erasto,M
Eras,M
Esteban,M
Tebo,M
Ernesto,M
Neto,M
Erni,M
Nesti,M
Tito,M
Erne,M
Erubiel,M
Eru,M
Eugenio,M
Queno,M
Geño,M
Evaristo,M
Varis,M
Risto,M
Facundo,M
Facu,M
Cundo,M
Cundejo,M
Federico,M
Quico,M
Freddy,M
Pico,M
Fellico,M
Fello,M
Felipe,M
Feli,M
Pipe,M
Pipo,M
Lipe,M
Jelipe,M
Fermin,M
Mincho,M
Fernando,M
Fernan,M
Nando,M
Nano,M
Fercho,M
Ferny,M
Ferdo,M
Florentino,M
Tino,M
Francisco,M
Chencho,M
Cisco,M
Curro,M
Franchu,M
Francis,M
Franco,M
Kiko,M
Pachi,M
Pacho,M
Paco,M
Panco,M
Pancho,M
Papico,M
Patxi,M
Quico,M
Fulgencio,M
Chencho,M
Fulgen,M
Pencho,M
Gabriel,M
Gabo,M
Gabito,M
Gaspar,M
Gaspy,M
Gospor,M
Gaston,M
Gasti,M
Gastoncito,M
Germam,M
Mancho,M
Gera,M
Gilberto,M
Gilbert,M
Gilberth,M
Gil,M
Giovanni,M
Gio,M
Gianni,M
Gonzalo,M
Chalo,M
Gonni,M
Gonza,M
Gon,M
Gonzo,M
Zalo,M
Gonz,M
Graciano,M
Chano,M
Gregorio,M
Goyo,M
Greg,M
Grecor,M
Guillermo,M
Willy,M
Will,M
Memo,M
Chemo,M
Gustavo,M
Gus,M
Tavo,M
Hector,M
Tito,M
Toro,M
Hectorin,M
Heriberto,M
Heri,M
Berto,M
Hernan,M
Nano,M
Hipolito,M
Poli,M
Lito,M
Polo,M
Polito,M
Horacio,M
Humberto,M
Ignacio,M
Nacho,M
Nachin,M
Igna,M
Iñaki,M
Ñaki,M
Imanol,M
Inocencio,M
Chencho,M
Isai,M
Ismael,M
Isma,M
Mayelo,M
Israel,M
Isra,M
Elito,M
Rael,M
Ivan,M
Ivancho,M
Jacobo,M
Yak,M
Chak,M
Chaki,M
Jaco,M
Javier,M
Xavier,M
Xabier,M
Javi,M
Xavi,M
Javo,M
Txabi,M
Jape,M
Jeronimo,M
Jero,M
Jesus,M
Chucho,M
Chuza,M
Jesulito,M
Jesusalberto,M
Jesusbeto,M
Chuybeto,M
Jesusmanuel,M
Jesusma,M
Chuymanuel,M
Jesusmaria,M
Jesusmari,M
Chusmari,M
Jesusramón,M
Jesusra,M
Chuymoncho,M
Chuymonchi,M
Joaquin,M
Chimo,M
Ximo,M
Joaco,M
Quino,M
Jonathan,M
Jona,M
Johnny,M
Josafat,M
Josa,M
Jorge,M
Coque,M
Gorgo,M
Jordy,M
Georgie,M
Jordi,M
Choche,M
Jors,M
Yorch,M
Chepe,M
Joche,M
Pepe,M
Pepin,M
Joselito,M
Josi,M
Joseluis,M
Joselu,M
Pepelu,M
Pepelucho,M
Pepeluis,M
Chelis
Pepeguicho,M
Pepewicho,M
Gambo,M
Josan,M
Pepenando,M
Pepenacho,M
Tacho,M
Josemari,M
Josema,M
Chema,M
Txema,M
Chemita,M
Josema,M
Josemanu,M
Chema,M
Chepo,M
Josemi,M
Chemi,M
Txemi,M
Joserra,M
Pepemongo,M
Josevi,M
Pepevi,M
Pepechente,M
Juan,M
Jon,M
Joan,M
Yon,M
Juancho,M
Juanito,M
Juanín,M
Johnny,M
Juancito,M
Juañico,M
Juanca,M
Juancar,M
Juanca,M
Juanqui,M
Juanda,M
Juanan,M
Juanacho,M
Juancho,M
Leandro,M
Juanjo,M
Juanchi,M
Juanma,M
Juanmi,M
Juampa,M
Juampi,M
Juanra,M
Tiago,M
Thiago,M
Julio,M
Yuyo,M
Julito,M
Kevin,M
Chanko,M
Kev,M
Kevo,M
Ladislao,M
Lalo,M
Lautaro,M
Leonardo,M
Leo,M
Nardo,M
Loni,M
Lorenzo,M
Lencho,M
Loren,M
Lore,M
Chencho,M
Luciano,M
Chano,M
Lucho,M
Luchin,M
Luchito,M
Luisito,M
Luichi,M
Guicho,M
Luisgui,M
Luismi,M
Manu,M
Mane,M
Manolo,M
Lolo,M
Meme,M
Manuelmaría,M
Manosmari,M
Marcelo,M
Chelo,M
Marceloco,M
Chelini,M
Marco,M
Marquito,M
Mario,M
Marito,M
Mayito,M
Mayo,M
Morio,M
Morcio,M
Martin,M
Marto,M
Tincho,M
Tintin,M
Martincito,M
Matias,M
Matute,M
Maximiliano,M
Max,M
Maxi,M
Maxito,M
Micael,M
Miguel,M
Mike,M
Miki,M
Mikey,M
Migue,M
Miguelito,M
Nicolas,M
Nico,M
Nelson,M
Óscar,M
Osquitar,M
Oscarin,M
Carin,M
Octavio,M
Tavo,M
Oswaldo,M
Ozzie,M
Waldo,M
Valdo,M
Pablo,M
Pablito,M
Pol,M
Paolo,M
Paulo,M
Paolito,M
Pauli,M
Pao,M
Pascual,M
Patricio,M
Pato,M
Patxi,M
Pedro,M
Perico,M
Peyo,M
Pedrito,M
Pelayo,M
Layo,M
Ramon,M
Mongo,M
Moncho,M
Monchi,M
Monche,M
Ramoncito,M
Rafael,M
Rafa,M
Rafucho,M
Raimundo,M
Rai,M
Rei,M
Mundi,M
Mundo,M
Raul,M
Rulo,M
Raulito,M
Raulin,M
Ricardo,M
Ricky,M
Richi,M
Ricar,M
Riches,M
Richard,M
Roberto,M
Beto,M
Rober,M
Rupe,M
Tito,M
Bob,M
Rob,M
Robe,M
Robbie,M
Bobby,M
Rodolfo,M
Fofo,M
Bofo,M
Rufus,M
Reno,M
Rodo,M
Rodi,M
Rudi,M
Fito,M
Tofi,M
Rodrigo,M
Ruy,M
Rorro,M
Rodri,M
Rod,M
Roy,M
Rogelio,M
Roge,M
Roger,M
Coque,M
Rolando,M
Rolan,M
Roli,M
Roman,M
Rocco,M
Romancho,M
Rosendo,M
Chendo,M
Ruben,M
Rubencho,M
Rubencito,M
Rufino,M
Rufo,M
Salvador,M
Salva,M
Samuel,M
Sebastian,M
Seba,M
Sebas,M
Bastian,M
Sergio,M
Checo,M
Checho,M
Sergi,M
Serch,M
Tanislao,M
Teodoro,M
Teo,M
Ted,M
Teddy,M
Teofilo,M
Terencio,M
Tencho,M
Tomas,M
Tomy,M
Tomaso
Ulises,M
Uli,M
Valentin,M
Vicente,M
Chente,M
Vince,M
Vinicio,M
Victor,M
Vito,M
Vic,M
Vladimir,M
Vlady,M
Walterio,M
Wenceslao,M
Wences
Wilfredo,M
Wilfrido,M
Willfrido,M
Willfredo,M










Abigail,F
Abi,F
Adalilia,F
Lili,F
Ada,F
Adelaida,F
Adela,F
Adoración,F
Dori,F
Adriana,F
Adri,F
Alejandra,F
Alexandra,F
Sandra,F
Aleja,F
Alejita,F
Andra,F
Jandra,F
Jana,F
Alma,F
Alicia,F
Licha,F
Almudena,F
Deny,F
Amanda,F
Mandy,F
Amelia,F
Amelie,F
Amelita,F
Melia,F
Meli,F
Ana,F
Ani,F
Anita,F
Anuska,F
Belén,F
Anel,F
Anabel,F
Anais,F
Lucía,F
Analú,F
Anilú,F
Luisa,F
Analuí,F
Anamari,F
Andrea,F
Andy,F
Ane,F
Andru,F
Andreíta,F
Ángela,F
Gela,F
Angy,F
Angelita,F
Ángie,F
Tita,F
Antonia,F
Toña,F
Tonina,F
Antonieta,F
Toñeta,F
Araceli,F
Ara,F
Leli,F
Celi,F
Cheli,F
Arita,F
Tina,F
April,F
Asunción,F
Bárbara,F
Barbi,F
Beatriz,F
Betty,F
Bea,F
Becky,F
Begoña,F
Bego,F
Belén,F
Belu,F
Belencita,F
Belencilla,F
Bibiana,F
Bibi,F
Camila,F
Cami,F
Mila,F
Mili,F
Carmen,F
Menchu,F
Carmela,F
Luz,F
Calú,F
Carolina,F
Carol,F
Caro,F
Carito,F
Lina,F
Catalina,F
Cata,F
Caty,F
Catherine,F
Caty,F
Cate,F
Taty,F
Cecilia,F
Ceci,F
Chechi,F
Chila,F
Celedonia,F
Celeste,F
Claudia,F
Clau,F
Clota,F
Concepción,F
Concha,F
Conchi,F
Consolación,F
Chelo,F
Consuelo,F
Constanza,F
Coni,F
Cona,F
Coty,F
Cristina,F
Cristi,F
Tina,F
Tinita,F
Titina,F
Daniela,F
Nanny,F
Niela,F
Débora,F
Déborah,F
Deby,F
Dolores,F
Lola,F
Loli,F
Lolita,F
Dorotea,F
Dora,F
Elena,F
Helena,F
Eleni,F
Nena,F
Elizabeth,F
Liz,F
Eliza,F
Eli,F
Zabeth,F
Beth,F
Elvira,F
Elvi,F
Emerenciana,F
Emilia,F
Emilita,F
Encarnación,F
Erika,F
Kika,F
Esperanza,F
Espe,F
Lancha,F
Pera,F
Estefania,F
Fani,F
Estefi,F
Estefa,F
Estela,F
Esther,F
Esthercita,F
Estherita,F
Eugenia,F
Genia,F
Eulalia,F
Lala,F
Laya,F
Eva,F
Evita,F
Evelyn,F
Eve,F
Evita,F
Eylin,F
Fabiola,F
Francisca,F
Paquita,F
Paqui,F
Paca,F
Pancha,F
Pachita,F
Feliciana,F
Felisa,F
Fernanda,F
Nanda,F
Florencia,F
Flor,F
Florcis,F
Floren,F
Flora,F
Fuensanta,F ,F
Gabriela,F
Gabi,F
Gabina,F
Gabs,F
Babi,F
Genoveva,F
Geno,F
Veva,F
Gemma,F
Generosa,F
Graciela,F
Chela,F
Gregoria,F
Goya,F
Guadalupe,F
Lupe,F
Lupita,F
Guada,F
Heliodora,F
Dora,F
Hortensia,F
Tencha,F
Idalia,F
Daly,F
Yaya,F
Yayis,F
Inés,F
Isela,F
Inmaculada,F
Inma,F
Macu,F
Isabel,F
Chabela,F
Isa,F
Jennifer,F
Jenny,F
Jen,F
Jessica,F
Jessi,F
Yeya,F
Jess,F
Julia,F
Julita,F
Juli,F
Yuya,F
Juana,F
Juanita,F
Juliana,F
Juli,F
Yuli,F
Jimena,F
Mena,F
Josefa,F
Josefina,F
Pepa,F
Pepita,F
Chepina,F
Joselyn,F
Jocelyn,F
Jocy,F
Karina,F
Kari,F
Kimberli,F
Kimi,F
Kim,F
Larissa,F
Laris,F
Laura,F
Lala,F
Lori,F
Laurita,F
Lauri,F
Leticia,F
Leti,F
Lesly,F
Les,F
Lily,F
Liliana,F
Lina,F
Livianne,F
Liv,F
Anne,F
Livi,F
Vianne,F
Lourdes,F
Luly,F
Lulú,F
Lula,F
Lorea,F
Lore,F
Lorena,F
Lorenia,F
Loreny,F
Lucía,F
Lucy,F
Luli,F
Lucía,F
Luisa,F
Lucha,F
Ludivina,F
Luzdivina,F
Ludi,F
Luz,F
Macarena,F
Maca,F
Maqui,F
Magdalena,F
Malena,F
Magda,F
Maite,F
Manuela,F
Manola,F
Manolita,F
Mara,F
Marcela,F
Marce,F
Margarita,F
Mago,F
Maguito,F
Maggie,F
Margara,F
Mague,F
María,F
Mari,F
Maruja,F
Marita,F
Carmen,F
Maricarmen,F
Menchu,F
Marimar,F
Marian,F
Malú,F
Mariceli,F
Maricel,F
Conchita,F
Maru,F
Maruja,F
Marifer,F
Mafer,F
Isela,F
Marisela,F
Inés,F
Marisa,F
Maribel,F
Mabel,F
Marichuy,F
Mariajo,F
Majo,F
Marijó,F
Marijose,F
Maya,F
Maju,F
Malú,F
Marisa,F
Malú,F
Marilú,F
Mariluz,F
Paz,F
Maripaz,F
Soledad,F
Marisol,F
Sole,F
Teresa,F
Marite,F
Maritere,F
Mayte,F
Maitechu,F
Mavi,F
Marivicky,F
Marta,F
Martita,F
Martucha,F
Matilda,F
Mati,F
Tilda,F
Mercedes,F
Merche,F
Meche,F
Mecha,F
Merce,F
Meredith,F
Melany,F
Mely,F
Mariana,F
Marita,F
Marianela,F
Micaela,F
Minerva,F
Mine,F
Mini,F
Miriam,F
Miri,F
Mimi,F
Milagros,F
Mili,F
Minie,F
Misericordia,F
Mónica,F
Moni,F
Mona,F
Montserrat,F
Monse,F
Nadia,F
Nana,F
Nayita,F
Natalia,F
Nati,F
Nata,F
Natividad,F
Nati,F
Nayra,F
Naira,F
Nicanora,F
Nicole,F
Nicky,F
Noelia,F
Noeli,F
Noemí,F
Nuria,F
Nurita,F
Obdulia,F
Oralia,F
Yaya,F
Pamela,F
Pame,F
Pam,F
Paola,F
Paula,F
Paulita,F
Paulis,F
Pau,F
Pao,F
Pastora,F
Pastorita,F
Patricia,F
Pati,F
Petronila,F
Petra,F
Pilar,F
Pili,F
Pilita,F
Purificación,F
Puri,F
Ramona,F
Mona,F
Moni,F
Ramonita,F
Raquel,F
Raque,F
Rebeca,F
Rebe,F
Beca,F
Beki,F
Refugio,F
Cuca,F
Regina,F
Reginita,F
Regi,F
Gina,F
Gini,F
Ginita,F
Renata,F
Rigoberta,F
Berta,F
Rita,F
Rocío,F
Chío,F
Rosi,F
Rosa,F
Rosi,F
Rosita,F
Rosario,F
Charo,F
Chayo,F
Rosi,F
Salvadora,F
Dora,F
Dori,F
Samantha,F
Sandra,F
Sandy,F
Sara,F
Sarita,F
Sheila,F
Silvia,F
Chivis,F
Sofía,F
Sofi,F
Soledad,F
Sole,F
Susana,F
Susi,F
Susanne,F
Susy,F
Súsan,F
Tamara,F
Tamy,F
Mara,F
Tanya,F
Tania,F
Tatiana,F
Tatia,F
Teodora,F
Teresa,F
Teresita,F
Tere,F
Trinidad,F
Trini,F
Valeria,F
Vale,F
Vanessa,F
Vane,F
Verónica,F
Vero,F
Victoria,F
Vicky,F
Virginia,F
Ginia,F
Vivianne,F
Viviana,F
Vivi,F
Vanne,F
Ximena,F
Xime,F
Yolanda,F
Yoli,F
Yola,F
Yoya,F
Judith,F
Judy,F
Yudith,F
Yudy,F
Yvette,F
Zoraida,F
